{
  "timestamp": "2026-02-05T02:34:30.079313",
  "overall_accuracy": {
    "total_predictions": 25034,
    "correct_predictions": 1776,
    "accuracy": 0.07094351681712871,
    "top3_accuracy": 0.15251258288727332,
    "top5_accuracy": 0.19988815211312616
  },
  "entropy_analysis": {
    "average_entropy": 5.887995030119878,
    "position_entropies": {
      "1": 2.6994265249719946,
      "2": 3.0570935409366324,
      "3": 3.0198305491399076,
      "4": 3.0522221756444683,
      "5": 3.4074559892129344,
      "6": 3.2030111707932645,
      "7": 3.286669006512473,
      "8": 3.373073017978746,
      "9": 3.228110528672915,
      "10": 3.503620180659477
    }
  },
  "opening_comparison": {
    "e4_accuracy": 0.07034852546916891,
    "d4_accuracy": 0.07109737248840804,
    "e4_entropy": 5.003760682392784,
    "d4_entropy": 4.781386504606462,
    "e4_games": 606,
    "d4_games": 446,
    "p_value": 0.8768732701513676
  }
}